,TimeFrame,Profit Percentage,Total trade percentage
0,M10,35.68,5.837965675224012
1,M15,36.46,5.773916985775698
2,M30,36.21,5.618486267090337
3,H1,37.74,5.6295770558441145
4,H4,40.49,5.515155415406396
5,H12,35.97,5.359552727973781
6,D1,35.58,6.28131021194605
7,WK,28.57,5.363984674329502
9,MN,12.5,6.666666666666667
